{
    "classification": {
        "auc_roc": {
            "logical_anomalies": 0.8577840774864163,
            "mean": 0.8643495550830774,
            "structural_anomalies": 0.8709150326797386
        }
    },
    "localization": {
        "auc_spro": {
            "logical_anomalies": {
                "0.01": 0.31521530050056024,
                "0.05": 0.5610771569853442,
                "0.1": 0.6340104034451396,
                "0.3": 0.6881612296912394,
                "1.0": 0.8578198461499188
            },
            "mean": {
                "0.01": 0.41612954859441526,
                "0.05": 0.6486749008869972,
                "0.1": 0.7160204429448767,
                "0.3": 0.7692738960184431,
                "1.0": 0.8990842342894558
            },
            "structural_anomalies": {
                "0.01": 0.5170437966882703,
                "0.05": 0.7362726447886503,
                "0.1": 0.7980304824446136,
                "0.3": 0.8503865623456469,
                "1.0": 0.940348622428993
            }
        }
    }
}