{
    "classification": {
        "auc_roc": {
            "logical_anomalies": 0.9744386048733875,
            "mean": 0.9697295905025374,
            "structural_anomalies": 0.9650205761316871
        }
    },
    "localization": {
        "auc_spro": {
            "logical_anomalies": {
                "0.01": 0.801947378457531,
                "0.05": 0.9567564232469552,
                "0.1": 0.9779051221939025,
                "0.3": 0.9925682746783943,
                "1.0": 0.997770188586086
            },
            "mean": {
                "0.01": 0.6875402421405222,
                "0.05": 0.8560792925090542,
                "0.1": 0.8940897060275753,
                "0.3": 0.9316666576145333,
                "1.0": 0.9689940667164954
            },
            "structural_anomalies": {
                "0.01": 0.5731331058235135,
                "0.05": 0.7554021617711533,
                "0.1": 0.8102742898612482,
                "0.3": 0.8707650405506723,
                "1.0": 0.9402179448469048
            }
        }
    }
}