{
    "classification": {
        "auc_roc": {
            "logical_anomalies": 0.999475576865448,
            "mean": 0.9991153348338104,
            "structural_anomalies": 0.998755092802173
        }
    },
    "localization": {
        "auc_spro": {
            "logical_anomalies": {
                "0.01": 0.7533507221713671,
                "0.05": 0.9448955814330564,
                "0.1": 0.9723211710271423,
                "0.3": 0.9906869133661499,
                "1.0": 0.997194145766232
            },
            "mean": {
                "0.01": 0.7188354364547923,
                "0.05": 0.934457757479168,
                "0.1": 0.966429600703532,
                "0.3": 0.9881690707043218,
                "1.0": 0.9963936253741217
            },
            "structural_anomalies": {
                "0.01": 0.6843201507382175,
                "0.05": 0.9240199335252797,
                "0.1": 0.9605380303799216,
                "0.3": 0.9856512280424936,
                "1.0": 0.9955931049820113
            }
        }
    }
}