{
    "classification": {
        "auc_roc": {
            "logical_anomalies": 0.9413320883909119,
            "mean": 0.9630535874480511,
            "structural_anomalies": 0.9847750865051904
        }
    },
    "localization": {
        "auc_spro": {
            "logical_anomalies": {
                "0.01": 0.6754597991604356,
                "0.05": 0.8714011082323736,
                "0.1": 0.920679108226321,
                "0.3": 0.957520732109652,
                "1.0": 0.9830360861229218
            },
            "mean": {
                "0.01": 0.7080500987505104,
                "0.05": 0.8911055305049624,
                "0.1": 0.9305460298082108,
                "0.3": 0.9597699522128427,
                "1.0": 0.9848496832293774
            },
            "structural_anomalies": {
                "0.01": 0.7406403983405851,
                "0.05": 0.9108099527775513,
                "0.1": 0.9404129513901005,
                "0.3": 0.9620191723160334,
                "1.0": 0.9866632803358331
            }
        }
    }
}