{
    "classification": {
        "auc_roc": {
            "logical_anomalies": 0.5114275457700131,
            "mean": 0.7018353242644548,
            "structural_anomalies": 0.8922431027588964
        }
    },
    "localization": {
        "auc_spro": {
            "logical_anomalies": {
                "0.01": 0.14242798959526642,
                "0.05": 0.5048525192770085,
                "0.1": 0.655448339977079,
                "0.3": 0.7581164208495348,
                "1.0": 0.8985977955768583
            },
            "mean": {
                "0.01": 0.3668483379301123,
                "0.05": 0.6644346283291267,
                "0.1": 0.7692685394649253,
                "0.3": 0.8420500858658126,
                "1.0": 0.9345342283969826
            },
            "structural_anomalies": {
                "0.01": 0.5912686862649581,
                "0.05": 0.8240167373812448,
                "0.1": 0.8830887389527717,
                "0.3": 0.9259837508820906,
                "1.0": 0.9704706612171071
            }
        }
    }
}